{
	"connections": {
		"@Line2D@46103": {
			"point_a": "GraphNode_7",
			"point_b": "@GraphNode@46099"
		},
		"@Line2D@46105": {
			"point_a": "@GraphNode@46099",
			"point_b": "@GraphNode@46102"
		},
		"@Line2D@49013": {
			"point_a": "GraphNode_5",
			"point_b": "GraphNode_3"
		},
		"@Line2D@49191": {
			"point_a": "GraphNode_8",
			"point_b": "@GraphNode@49190"
		},
		"Line2D": {
			"point_a": "GraphNode_2",
			"point_b": "GraphNode"
		}
	},
	"metadata": {
		"id_no_tocar": 8,
		"scroll_offset_x": 2042.69836425781,
		"scroll_offset_y": -436.490936279297,
		"zoom": 1.3395916223526
	},
	"nodes": {
		"@GraphNode@46099": {
			"color_a": 1.0,
			"color_b": 0.0,
			"color_g": 1.0,
			"color_r": 0.0,
			"description": "",
			"file_path": "",
			"position_x": -980.0,
			"position_y": -200.0,
			"size_x": 100.0,
			"size_y": 106.0,
			"title": "Node"
		},
		"@GraphNode@46102": {
			"color_a": 1.0,
			"color_b": 1.0,
			"color_g": 0.0,
			"color_r": 0.0,
			"description": "",
			"file_path": "res://addons/visual_node_studio/Scenes/empty.tscn",
			"position_x": -860.0,
			"position_y": -120.0,
			"size_x": 184.0,
			"size_y": 106.0,
			"title": "Studio"
		},
		"@GraphNode@49190": {
			"color_a": 1.0,
			"color_b": 0.478515625,
			"color_g": 1.0,
			"color_r": 0.0,
			"description": "",
			"file_path": "",
			"position_x": 240.0,
			"position_y": -300.0,
			"size_x": 108.000244140625,
			"size_y": 111.000030517578,
			"title": "Node"
		},
		"GraphNode": {
			"color_a": 1.0,
			"color_b": 1.0,
			"color_g": 0.0478515625,
			"color_r": 0.0,
			"description": "",
			"file_path": "res://2D/among us/node_2d.tscn",
			"position_x": 20.0,
			"position_y": -260.0,
			"size_x": 184.002197265625,
			"size_y": 240.0,
			"title": "And Connections"
		},
		"GraphNode_2": {
			"color_a": 1.0,
			"color_b": 0.0,
			"color_g": 0.0,
			"color_r": 1.0,
			"description": "",
			"file_path": "res://2D/among us/node_2d.tscn",
			"position_x": -260.0,
			"position_y": -60.0,
			"size_x": 184.000244140625,
			"size_y": 110.999694824219,
			"title": "Your Scene"
		},
		"GraphNode_3": {
			"color_a": 1.0,
			"color_b": 1.0,
			"color_g": 1.0,
			"color_r": 1.0,
			"description": "",
			"file_path": "",
			"position_x": 1960.0,
			"position_y": -60.0,
			"size_x": 107.999389648438,
			"size_y": 110.999938964844,
			"title": "(BETA)🛠️"
		},
		"GraphNode_5": {
			"color_a": 1.0,
			"color_b": 0.0,
			"color_g": 0.0,
			"color_r": 1.0,
			"description": "",
			"file_path": "",
			"position_x": 1940.0,
			"position_y": -220.0,
			"size_x": 158.0,
			"size_y": 111.0,
			"title": "By: Angel Muñoz"
		},
		"GraphNode_6": {
			"color_a": 1.0,
			"color_b": 1.0,
			"color_g": 0.744657278060913,
			"color_r": 0.0,
			"description": "Description",
			"file_path": "res://addons/visual_node_studio/Hello World!.json",
			"position_x": 860.0,
			"position_y": -160.0,
			"size_x": 109.000427246094,
			"size_y": 110.999969482422,
			"title": "Edit Node"
		},
		"GraphNode_7": {
			"color_a": 1.0,
			"color_b": 0.0,
			"color_g": 0.0,
			"color_r": 1.0,
			"description": "",
			"file_path": "",
			"position_x": -1100.0,
			"position_y": -100.0,
			"size_x": 100.0,
			"size_y": 106.0,
			"title": "Visual"
		},
		"GraphNode_8": {
			"color_a": 1.0,
			"color_b": 0.0,
			"color_g": 1.0,
			"color_r": 0.8017578125,
			"description": "",
			"file_path": "",
			"position_x": 220.0,
			"position_y": -60.0,
			"size_x": 108.000244140625,
			"size_y": 111.0,
			"title": "Easy"
		}
	}
}